agent_id,spawn_time,activated_at,exit_time,travel_time,distance,mean_speed,idle_time,queue_time,time_street,time_vestibule,time_store,time_queue
2445606805792,0.0,0.05,,,0.0,0.9215905333788723,1.4500000000000006,0.0,2.799999999999998,1.850000000000001,14.100000000000065,0.0
2445607452752,0.0,2.849999999999998,,,0.0,0.8682953349069262,1.0500000000000003,0.0,1.850000000000001,1.900000000000001,12.150000000000038,0.0
2445572472528,0.0,5.999999999999987,,,0.0,0.810405151495605,2.0500000000000007,0.0,1.800000000000001,1.950000000000001,8.999999999999993,0.0
2445606850192,0.0,8.649999999999988,,,0.0,0.791638020361561,1.5000000000000007,0.0,1.3000000000000005,2.0500000000000007,6.799999999999984,0.0
2445606850800,0.0,11.65000000000003,,,0.0,0.9575356072933976,0.05,0.0,2.499999999999999,1.900000000000001,2.7499999999999982,0.0
2445572400496,0.0,14.150000000000066,,,0.0,0.9248122768700029,0.05,0.0,2.5999999999999988,1.850000000000001,0.2,0.0
2445606611392,0.0,17.450000000000113,,,0.0,0.7371655575248455,0.05,0.0,1.3500000000000005,0.0,0.0,0.0
