agent_id,spawn_time,activated_at,exit_time,travel_time,distance,mean_speed,idle_time,queue_time,time_street,time_vestibule,time_store,time_queue
2464397435168,0.0,0.05,,,0.0,0.6905792512697568,3.7499999999999947,0.0,1.950000000000001,2.000000000000001,17.450000000000113,0.0
2464363085520,0.0,3.2999999999999963,,,0.0,0.7434624041503846,0.1,0.0,2.1000000000000005,2.0500000000000007,13.950000000000063,0.0
2464398065744,0.0,6.299999999999986,,,0.0,0.9482447900882813,0.05,0.0,1.950000000000001,2.0500000000000007,11.100000000000023,0.0
2464397479568,0.0,9.700000000000003,,,0.0,0.9863029069299095,0.05,0.0,1.5000000000000007,2.0500000000000007,8.199999999999982,0.0
2464397480176,0.0,13.250000000000053,,,0.0,0.741934382202239,1.3500000000000005,0.0,1.6000000000000008,2.000000000000001,4.599999999999992,0.0
2464363013488,0.0,16.250000000000096,,,0.0,0.9142408748093823,0.05,0.0,1.4000000000000006,2.000000000000001,1.800000000000001,0.0
2464397240768,0.0,19.35000000000014,,,0.0,0.8201395414874545,0.05,0.0,2.1000000000000005,0.0,0.0,0.0
