agent_id,spawn_time,activated_at,exit_time,travel_time,distance,mean_speed,idle_time,queue_time,time_street,time_vestibule,time_store,time_queue
2311594975520,0.0,0.05,,,0.0,0.9042662470834572,0.05,0.0,2.000000000000001,2.000000000000001,1.3000000000000005,0.0
2311595606416,0.0,3.049999999999997,,,0.0,0.8472046749520814,0.05,0.0,1.5500000000000007,0.7000000000000001,0.0,0.0
