agent_id,spawn_time,activated_at,exit_time,travel_time,distance,mean_speed,idle_time,queue_time,time_street,time_vestibule,time_store,time_queue
1968212631840,0.0,0.05,,,0.0,0.9750844873967721,0.05,0.0,1.4500000000000006,2.0500000000000007,12.700000000000045,0.0
1968213295504,0.0,2.849999999999998,,,0.0,0.6495542470953899,3.599999999999995,0.0,1.2000000000000004,1.900000000000001,10.25000000000001,0.0
1968213295184,0.0,5.349999999999989,,,0.0,0.9725458273135571,0.05,0.0,1.4500000000000006,1.900000000000001,7.499999999999981,0.0
1968212676240,0.0,7.99999999999998,,,0.0,0.9519648819786363,0.05,0.0,2.000000000000001,2.000000000000001,4.249999999999993,0.0
1968212676848,0.0,10.800000000000018,,,0.0,0.9087214526355915,0.05,0.0,2.3499999999999996,1.850000000000001,1.2500000000000004,0.0
1968178308752,0.0,14.250000000000068,,,0.0,0.8240733668816297,0.05,0.0,2.000000000000001,0.0,0.0,0.0
