agent_id,spawn_time,activated_at,exit_time,travel_time,distance,mean_speed,idle_time,queue_time,time_street,time_vestibule,time_store,time_queue
1961801326880,0.0,0.05,,,0.0,0.7236103417703124,3.7499999999999947,0.0,2.1500000000000004,3.2499999999999964,13.350000000000055,0.0
1961853943888,0.0,2.8999999999999977,,,0.0,0.7069319650981901,4.449999999999992,0.0,2.3999999999999995,2.000000000000001,14.550000000000072,0.0
1961853944848,0.0,5.649999999999988,,,0.0,0.9526334579568796,0.44999999999999996,0.0,2.7499999999999982,1.950000000000001,11.500000000000028,0.0
1961801371280,0.0,8.349999999999984,,,0.0,0.6143278768610854,2.9499999999999975,0.0,1.950000000000001,2.000000000000001,9.600000000000001,0.0
1961801371888,0.0,10.800000000000018,,,0.0,0.9799377288687985,0.05,0.0,2.5999999999999988,1.950000000000001,6.549999999999985,0.0
1961766905200,0.0,13.300000000000054,,,0.0,0.9287812965765093,0.05,0.0,1.3000000000000005,2.1500000000000004,5.14999999999999,0.0
1961801132480,0.0,16.250000000000096,,,0.0,0.8803851073157793,0.05,0.0,2.1000000000000005,2.000000000000001,1.5500000000000007,0.0
1961801133024,0.0,19.750000000000146,,,0.0,0.8114522535577227,0.05,0.0,1.800000000000001,0.35,0.0,0.0
