agent_id,spawn_time,activated_at,exit_time,travel_time,distance,mean_speed,idle_time,queue_time,time_street,time_vestibule,time_store,time_queue
2991060197664,0.0,0.05,,,0.0,0.7189665421117499,6.149999999999986,0.0,1.1500000000000004,1.950000000000001,22.80000000000019,0.0
2991060910480,0.0,2.8999999999999977,,,0.0,0.7720415198521767,3.7499999999999947,0.0,2.2,1.900000000000001,18.900000000000134,0.0
2991025848016,0.0,5.899999999999987,,,0.0,0.5534531335335084,2.7499999999999982,0.0,2.5999999999999988,1.950000000000001,15.450000000000085,0.0
2991060242064,0.0,9.249999999999996,,,0.0,0.8698457046375123,1.4000000000000006,0.0,1.800000000000001,1.950000000000001,12.950000000000049,0.0
2991060242672,0.0,12.250000000000039,,,0.0,0.9888192770491254,0.05,0.0,1.900000000000001,1.900000000000001,9.900000000000006,0.0
2991025776272,0.0,15.10000000000008,,,0.0,0.5038408940295677,0.7000000000000001,0.0,1.7500000000000009,1.850000000000001,7.249999999999982,0.0
2991060003264,0.0,18.150000000000123,,,0.0,0.8924703994682519,0.05,0.0,1.6000000000000008,2.000000000000001,4.199999999999993,0.0
2991060003808,0.0,21.200000000000166,,,0.0,0.9388269595049831,0.05,0.0,2.799999999999998,1.900000000000001,0.05,0.0
2991060224592,0.0,24.800000000000217,,,0.0,0.6963821515091695,0.05,0.0,1.1500000000000004,0.0,0.0,0.0
