agent_id,spawn_time,activated_at,exit_time,travel_time,distance,mean_speed,idle_time,queue_time,time_street,time_vestibule,time_store,time_queue
2327861633312,0.0,0.05,,,0.0,0.9524961660299179,0.05,0.0,1.6000000000000008,2.000000000000001,2.6499999999999986,0.0
2327862411664,0.0,2.9499999999999975,,,0.0,0.8937665550329755,0.05,0.0,2.8999999999999977,0.39999999999999997,0.0,0.0
2327862412624,0.0,6.399999999999985,,,0.0,0.14040363790263655,0.05,0.0,0.0,0.0,0.0,0.0
