agent_id,spawn_time,activated_at,exit_time,travel_time,distance,mean_speed,idle_time,queue_time,time_street,time_vestibule,time_store,time_queue
2784820568352,0.0,0.05,,,0.0,0.943136722242879,0.05,0.0,2.4499999999999993,2.0500000000000007,1.850000000000001,0.0
2784821182864,0.0,3.099999999999997,,,0.0,0.9143717678651027,0.05,0.0,2.4499999999999993,0.8000000000000002,0.0,0.0
2784821182544,0.0,6.199999999999986,,,0.0,0.32756209243088963,0.05,0.0,0.15000000000000002,0.0,0.0,0.0
