agent_id,spawn_time,activated_at,exit_time,travel_time,distance,mean_speed,idle_time,queue_time,time_street,time_vestibule,time_store,time_queue
2336999448864,0.0,0.05,,,0.0,0.9827491860894536,0.05,0.0,1.950000000000001,2.000000000000001,8.649999999999988,0.0
2337000128592,0.0,2.5999999999999988,,,0.0,0.9835990680041268,0.05,0.0,2.7499999999999982,1.850000000000001,5.399999999999989,0.0
2338609266384,0.0,5.299999999999989,,,0.0,0.9299637890569987,0.05,0.0,1.800000000000001,1.950000000000001,3.5499999999999954,0.0
2336999493264,0.0,8.14999999999998,,,0.0,0.9171128625542527,0.05,0.0,1.5500000000000007,1.850000000000001,1.1000000000000003,0.0
2336999493872,0.0,11.000000000000021,,,0.0,0.7742006174909571,0.05,0.0,1.5000000000000007,0.15000000000000002,0.0,0.0
