agent_id,spawn_time,activated_at,exit_time,travel_time,distance,mean_speed,idle_time,queue_time,time_street,time_vestibule,time_store,time_queue
1946707386656,0.0,0.05,,,0.0,0.9786186733199412,0.05,0.0,2.0500000000000007,1.800000000000001,4.549999999999992,0.0
1946707984464,0.0,3.149999999999997,,,0.0,0.9312958530858201,0.05,0.0,1.6500000000000008,1.850000000000001,1.7500000000000009,0.0
1946707985744,0.0,6.299999999999986,,,0.0,0.8378308414706096,0.05,0.0,1.6500000000000008,0.44999999999999996,0.0,0.0
