agent_id,spawn_time,activated_at,exit_time,travel_time,distance,mean_speed,idle_time,queue_time,time_street,time_vestibule,time_store,time_queue
2523964727584,0.0,0.05,,,0.0,0.8601715355746834,2.25,0.0,2.25,1.950000000000001,19.200000000000138,0.0
2523930394320,0.0,3.149999999999997,,,0.0,0.7604260466203322,3.949999999999994,0.0,1.4000000000000006,2.0500000000000007,16.800000000000104,0.0
2523965374544,0.0,6.449999999999985,,,0.0,0.7190465389881161,4.199999999999993,0.0,0.9500000000000003,2.000000000000001,14.000000000000064,0.0
2523964771984,0.0,9.45,,,0.0,0.6809783428847694,3.4999999999999956,0.0,1.0000000000000002,2.000000000000001,11.000000000000021,0.0
2523964772592,0.0,12.30000000000004,,,0.0,0.9597995328063146,0.05,0.0,2.1000000000000005,1.950000000000001,7.099999999999983,0.0
2523930322288,0.0,15.250000000000082,,,0.0,1.0010839871496822,0.05,0.0,2.5999999999999988,1.7500000000000009,3.8499999999999943,0.0
2523964533184,0.0,18.05000000000012,,,0.0,0.8637490754522252,0.1,0.0,1.2000000000000004,2.1500000000000004,2.0500000000000007,0.0
2523964533728,0.0,20.950000000000163,,,0.0,0.8625820800334623,0.05,0.0,1.5500000000000007,0.9500000000000003,0.0,0.0
