agent_id,spawn_time,activated_at,exit_time,travel_time,distance,mean_speed,idle_time,queue_time,time_street,time_vestibule,time_store,time_queue
2546752659744,0.0,0.05,,,0.0,0.8304578452337114,1.6500000000000008,0.0,1.3500000000000005,2.0500000000000007,13.500000000000057,0.0
2546805194832,0.0,3.349999999999996,,,0.0,0.8138838442994469,1.6000000000000008,0.0,2.0500000000000007,2.0500000000000007,9.45,0.0
2546805195152,0.0,6.999999999999983,,,0.0,0.6192480350240124,3.1999999999999966,0.0,1.7500000000000009,1.900000000000001,6.249999999999986,0.0
2546752704144,0.0,9.750000000000004,,,0.0,0.944396048241227,0.05,0.0,2.7499999999999982,1.950000000000001,2.499999999999999,0.0
2546752704752,0.0,12.650000000000045,,,0.0,0.9331246855806018,0.05,0.0,2.799999999999998,1.5000000000000007,0.0,0.0
2546718254448,0.0,15.80000000000009,,,0.0,0.6984403359684651,0.05,0.0,1.1500000000000004,0.0,0.0,0.0
