agent_id,spawn_time,activated_at,exit_time,travel_time,distance,mean_speed,idle_time,queue_time,time_street,time_vestibule,time_store,time_queue
2751297003808,0.0,0.05,,,0.0,1.0013201524482855,0.05,0.0,3.099999999999997,1.850000000000001,5.999999999999987,0.0
2751297650768,0.0,2.9999999999999973,,,0.0,0.9634510431335593,0.05,0.0,2.6499999999999986,1.850000000000001,3.4499999999999957,0.0
2751262719696,0.0,5.799999999999987,,,0.0,0.9329437835163182,0.05,0.0,2.0500000000000007,1.950000000000001,1.1500000000000004,0.0
2751297048208,0.0,9.399999999999999,,,0.0,0.7757564579302485,0.05,0.0,1.6000000000000008,0.0,0.0,0.0
