agent_id,spawn_time,activated_at,exit_time,travel_time,distance,mean_speed,idle_time,queue_time,time_street,time_vestibule,time_store,time_queue
2103802831136,0.0,0.05,,,0.0,0.7793696825712746,3.899999999999994,0.0,2.4499999999999993,2.0500000000000007,14.200000000000067,0.0
2103803510864,0.0,2.9499999999999975,,,0.0,0.8909446627135903,0.05,0.0,1.5000000000000007,1.950000000000001,12.30000000000004,0.0
2103803511504,0.0,6.449999999999985,,,0.0,0.9774592565069079,0.05,0.0,2.6499999999999986,1.850000000000001,7.7499999999999805,0.0
2103802875536,0.0,9.600000000000001,,,0.0,0.9549341324933006,0.05,0.0,1.800000000000001,2.000000000000001,5.349999999999989,0.0
2103802876144,0.0,12.800000000000047,,,0.0,0.9430099833458662,0.05,0.0,1.1500000000000004,1.950000000000001,2.849999999999998,0.0
2103768409456,0.0,15.900000000000091,,,0.0,0.885080538351585,0.05,0.0,1.5500000000000007,1.3000000000000005,0.0,0.0
