agent_id,spawn_time,activated_at,exit_time,travel_time,distance,mean_speed,idle_time,queue_time,time_street,time_vestibule,time_store,time_queue
2198428819744,0.0,0.05,,,0.0,0.5303464164288487,3.7499999999999947,0.0,2.000000000000001,1.950000000000001,5.349999999999989,0.0
2198429467024,0.0,2.849999999999998,,,0.0,0.9237676954722059,0.05,0.0,1.6500000000000008,2.000000000000001,2.799999999999998,0.0
2198394470096,0.0,5.949999999999987,,,0.0,0.8510338223816173,0.05,0.0,1.6500000000000008,1.7000000000000008,0.0,0.0
2198428864144,0.0,8.599999999999987,,,0.0,0.5880603979984742,0.05,0.0,0.7500000000000001,0.0,0.0,0.0
