agent_id,spawn_time,activated_at,exit_time,travel_time,distance,mean_speed,idle_time,queue_time,time_street,time_vestibule,time_store,time_queue
3026571059488,0.0,0.05,,,0.0,0.8171375180501042,2.1000000000000005,0.0,2.3999999999999995,2.0500000000000007,9.149999999999995,0.0
3026571657296,0.0,3.4999999999999956,,,0.0,0.8591542024224992,0.05,0.0,1.6000000000000008,1.950000000000001,6.549999999999985,0.0
3026571657616,0.0,6.499999999999985,,,0.0,0.9177818801300913,0.05,0.0,1.7500000000000009,1.950000000000001,3.399999999999996,0.0
3026571103888,0.0,9.049999999999994,,,0.0,0.8646341561689042,0.05,0.0,2.2,1.950000000000001,0.44999999999999996,0.0
3026571104496,0.0,12.30000000000004,,,0.0,0.7370751579274479,0.05,0.0,1.3500000000000005,0.0,0.0,0.0
